code,fit_score,reason,ward
E05000362,5.1289584434713325,"fit on: share of sauces, low sugar (buys lower-sugar items), high fat (buys higher-fat items), high salt (buys higher-salt items)",Isleworth (Hounslow)
E05000598,3.6491067639577914,"fit on: share of sauces, low sugar (buys lower-sugar items), high fat (buys higher-fat items), high salt (buys higher-salt items)",Hatch Lane (Waltham Forest)
E05011249,3.47505399546234,"fit on: share of sauces, low sugar (buys lower-sugar items), high fat (buys higher-fat items), high salt (buys higher-salt items)",Monkhams (Redbridge)
E05000594,3.1170061214902685,"fit on: share of sauces, low sugar (buys lower-sugar items), high fat (buys higher-fat items), high salt (buys higher-salt items)",Endlebury (Waltham Forest)
E05000602,3.0585183025087024,"fit on: share of sauces, low sugar (buys lower-sugar items), high fat (buys higher-fat items), high salt (buys higher-salt items)",Larkswood (Waltham Forest)
E05009319,3.0223196620004726,"fit on: share of sauces, low sugar (buys lower-sugar items), high fat (buys higher-fat items), high salt (buys higher-salt items)",Bow East (Tower Hamlets)
E05000195,2.7843702002256716,"fit on: share of sauces, low sugar (buys lower-sugar items), high fat (buys higher-fat items), high salt (buys higher-salt items)",Chase (Enfield)
E05000210,2.7440282709327444,"fit on: share of sauces, low sugar (buys lower-sugar items), high fat (buys higher-fat items), high salt (buys higher-salt items)",Town (Enfield)
E05000597,2.739599662247937,"fit on: share of sauces, low sugar (buys lower-sugar items), high fat (buys higher-fat items), high salt (buys higher-salt items)",Hale End and Highams Park (Waltham Forest)
E05000593,2.630184644746878,"fit on: share of sauces, low sugar (buys lower-sugar items), high fat (buys higher-fat items), high salt (buys higher-salt items)",Chingford Green (Waltham Forest)
E05011236,2.5616354232090095,"fit on: share of sauces, low sugar (buys lower-sugar items), high fat (buys higher-fat items), high salt (buys higher-salt items)",Bridge (Redbridge)
E05011245,2.3961761854820107,"fit on: share of sauces, low sugar (buys lower-sugar items), high fat (buys higher-fat items), high salt (buys higher-salt items)",Hainault (Redbridge)
E05000343,2.3448018980033067,"fit on: share of sauces, low sugar (buys lower-sugar items), high fat (buys higher-fat items), high salt (buys higher-salt items)",West Ruislip (Hillingdon)
E05000374,2.252005459874278,"fit on: share of sauces, low sugar (buys lower-sugar items), high fat (buys higher-fat items), high salt (buys higher-salt items)",Hillrise (Islington)
E05011117,2.2291549267209394,"fit on: share of sauces, low sugar (buys lower-sugar items), high fat (buys higher-fat items), high salt (buys higher-salt items)",Surrey Docks (Southwark)
E05011254,2.2096387560396042,"fit on: share of sauces, low sugar (buys lower-sugar items), high fat (buys higher-fat items), high salt (buys higher-salt items)",Wanstead Park (Redbridge)
E05000430,2.1288096835437758,"fit on: share of sauces, low sugar (buys lower-sugar items), high fat (buys higher-fat items), high salt (buys higher-salt items)",Streatham Hill (Lambeth)
E05000440,2.1149130563819836,"fit on: share of sauces, low sugar (buys lower-sugar items), high fat (buys higher-fat items), high salt (buys higher-salt items)",Catford South (Lewisham)
E05000418,2.099517467399553,"fit on: share of sauces, low sugar (buys lower-sugar items), high fat (buys higher-fat items), high salt (buys higher-salt items)",Clapham Common (Lambeth)
E05009386,2.0906598857622374,"fit on: share of sauces, low sugar (buys lower-sugar items), high fat (buys higher-fat items), high salt (buys higher-salt items)",Victoria (Hackney)
E05000431,2.0857943337259646,"fit on: share of sauces, low sugar (buys lower-sugar items), high fat (buys higher-fat items), high salt (buys higher-salt items)",Streatham South (Lambeth)
E05000329,2.0388009893670986,"fit on: share of sauces, low sugar (buys lower-sugar items), high fat (buys higher-fat items), high salt (buys higher-salt items)",Eastcote and East Ruislip (Hillingdon)
E05009320,2.0376109965033313,"fit on: share of sauces, low sugar (buys lower-sugar items), high fat (buys higher-fat items), high salt (buys higher-salt items)",Bow West (Tower Hamlets)
E05011112,2.037374487465763,"fit on: share of sauces, low sugar (buys lower-sugar items), high fat (buys higher-fat items), high salt (buys higher-salt items)",Rotherhithe (Southwark)
E05011238,2.016547207872041,"fit on: share of sauces, low sugar (buys lower-sugar items), high fat (buys higher-fat items), high salt (buys higher-salt items)",Churchfields (Redbridge)
E05000615,1.9606521674988033,"fit on: share of sauces, low sugar (buys lower-sugar items), high fat (buys higher-fat items), high salt (buys higher-salt items)",Furzedown (Wandsworth)
E05000381,1.950384713001743,"fit on: share of sauces, low sugar (buys lower-sugar items), high fat (buys higher-fat items), high salt (buys higher-salt items)",Tollington (Islington)
E05000446,1.9438980372360175,"fit on: share of sauces, low sugar (buys lower-sugar items), high fat (buys higher-fat items), high salt (buys higher-salt items)",Ladywell (Lewisham)
E05000441,1.9323671753590368,"fit on: share of sauces, low sugar (buys lower-sugar items), high fat (buys higher-fat items), high salt (buys higher-salt items)",Crofton Park (Lewisham)
E05000432,1.9300626116741852,"fit on: share of sauces, low sugar (buys lower-sugar items), high fat (buys higher-fat items), high salt (buys higher-salt items)",Streatham Wells (Lambeth)
