code,similarity,category_gap_sd,matches_on,differs_on,ward
E05009392,0.8477511340973239,-0.11112492175111949,both high eggs; both high fish; both low sugar,more eggs; less sugar,Colville (Kensington and Chelsea)
E05000644,0.845310268583006,-0.6168250901224834,both low calories; both low carbs; both low fat,more wine; less calories,St James's (Westminster)
E05000620,0.8219586753709464,-0.5577939921935945,both high eggs; both low fat; both low calories,more eggs; less fat,Queenstown (Wandsworth)
E05009396,0.7960190119897935,0.32844165909864576,both high eggs; both high spirits; both low fat,more water; more eggs,Golborne (Kensington and Chelsea)
E05000631,0.7845273264296133,1.0466470820255656,both high eggs; both low calories; both high fruit & veg,more fruit & veg; less soft drinks,Bayswater (Westminster)
E05009401,0.7773488027104924,0.22782298400555112,both high eggs; both low calories; both high fruit & veg,more fruit & veg; more eggs,Queen's Gate (Kensington and Chelsea)
E05009400,0.7736794100226272,0.6714503251525595,both low calories; both low carbs; both high fish,more fruit & veg; less calories,Pembridge (Kensington and Chelsea)
E05000254,0.771867014111573,-0.6121203721972761,both high fish; both low carbs; both low grains,more fish; more dairy,Fulham Broadway (Hammersmith and Fulham)
E05011114,0.7614438804743526,-0.4452563730677198,both high fish; both low calories; both low fat,more red meat; more fish,St George's (Southwark)
E05011098,0.7544465653462514,-0.3129257164085877,both high fish; both low calories; both high eggs,more poultry; less spirits,Chaucer (Southwark)
E05000421,0.7524261672224011,-0.005984082834036231,both high fish; both low saturated fat; both low calories,more poultry; less saturated fat,Ferndale (Lambeth)
E05011104,0.7516323427962753,-0.5369244784844975,both low fat; both low calories; both low saturated fat,more poultry; less saturated fat,London Bridge & West Bermondsey (Southwark)
E05000429,0.7492336292902889,0.5912074560263221,both high fish; both low saturated fat; both low fat,more poultry; less saturated fat,Stockwell (Lambeth)
E05009370,0.7484312053254674,0.7815155348762133,both high spirits; both low calories; both low carbs,more water; more soft drinks,Dalston (Hackney)
E05009377,0.7443569372453657,0.67893189312684,both high fish; both low carbs; both low calories,less spirits; more poultry,Hoxton East & Shoreditch (Hackney)
E05009388,0.7352564594731418,-1.0353826830642134,both high fish; both high eggs; both low carbs,less soft drinks; more fruit & veg,Abingdon (Kensington and Chelsea)
E05009390,0.7249665564669485,0.02473832399900794,both low carbs; both low calories; both low grains,more fruit & veg; less soft drinks,Campden (Kensington and Chelsea)
E05009395,0.723649630154889,-0.33064133669407136,both high fish; both high eggs; both low carbs,more fish; less soft drinks,Earl's Court (Kensington and Chelsea)
E05009397,0.7228938705210235,-0.6978094653362126,both high fish; both low grains; both low carbs,more fruit & veg; less soft drinks,Holland (Kensington and Chelsea)
E05009398,0.7132972064551798,-0.47117611868326414,both low carbs; both high fish; both low calories,more fruit & veg; less soft drinks,Norland (Kensington and Chelsea)
E05000436,0.7091941794364698,0.24284750997797355,both high fish; both low fat; both low fibre,more poultry; more water,Vassall (Lambeth)
E05000368,0.7046220627445996,-0.8843427763305319,both low calories; both low fat; both high eggs,less spirits; more poultry,Caledonian (Islington)
E05000448,0.699984204346866,-0.34880603341842853,both high eggs; both low calories; both high fish,more red meat; more salt,Lewisham Central (Lewisham)
E05000175,0.699371745910503,-0.7779911178948523,both high eggs; both low calories; both low carbs,less spirits; more dairy,East Acton (Ealing)
E05000379,0.6989461973706785,-1.2912721732788273,both low calories; both low carbs; both low sugar,more poultry; less tea & coffee,St Mary's (Islington)
E05000138,0.6982098803149123,0.019816898087085366,both high eggs; both high fish; both low fat,less sauces; more eggs,Holborn and Covent Garden (Camden)
E05009391,0.6981219547442372,-0.5411781929428179,both low calories; both high fish; both low carbs,less spirits; less soft drinks,Chelsea Riverside (Kensington and Chelsea)
E05000418,0.6956905556287827,-0.5066925761097519,both high fish; both low sugar; both low carbs,more salt; more poultry,Clapham Common (Lambeth)
E05009402,0.6922777177258098,-0.44033953645354323,both high fish; both low carbs; both low grains,more wine; less soft drinks,Redcliffe (Kensington and Chelsea)
E05000419,0.686108624110269,-0.2887759615628646,both high spirits; both low saturated fat; both high fish,more water; less saturated fat,Clapham Town (Lambeth)
