product_name,venue,address,borough,url,verified,ward,ward_method,km_to_ward_centre,evidence
Pandan and coconut flavoured iced lattes,Nopi,"21-22 Warwick St, London W1F 9LD",Westminster,https://www.stylist.co.uk/food-drink/best-pandan-flavoured-food-desserts-cocktails/981454,True,West End (Westminster),nearest ward centre in its borough,0.56,serves a pandan dish
Pandan and coconut flavoured iced lattes,Mambow,"78 Lower Clapton Rd, London E5 0RN",Hackney,https://www.stylist.co.uk/food-drink/best-pandan-flavoured-food-desserts-cocktails/981454,True,Hackney Central (Hackney),nearest ward centre in its borough,0.68,Malaysian restaurant using pandan desserts
Pandan and coconut flavoured iced lattes,Chop Chop (Hippodrome),"Cranbourn St, London WC2H 7JH",Westminster,https://www.stylist.co.uk/food-drink/best-pandan-flavoured-food-desserts-cocktails/981454,True,St James's (Westminster),nearest ward centre in its borough,0.87,listed for pandan food and drinks
Pandan and coconut flavoured iced lattes,Pandan (Holborn Food Hub),"78 Southampton Row, London WC1B 4AR",Camden,https://vota.org/en/united-kingdom/london/pandan,True,Holborn and Covent Garden (Camden),nearest ward centre in its borough,0.49,Malaysian stall with pandan drinks
Pandan and coconut flavoured iced lattes,Med Salleh Viet,"108 Chepstow Rd, London W2 5QS",Westminster,https://www.tiktok.com/discover/pandan-malaysian-eatery-london,True,Bayswater (Westminster),nearest ward centre in its borough,0.27,"coconut, pandan and lychee drink on TikTok"
Hojicha,Katsute 100 (Angel),"Camden Passage, London N1",Islington,https://living360.uk/hojicha-what-benefits-taste-latte/,True,St Peter's (Islington),nearest ward centre in its borough,0.41,"hojicha lattes, flat whites, hot chocolates"
Hojicha,Katsute 100 (Brick Lane),"Brick Lane, London E1",Tower Hamlets,https://living360.uk/hojicha-what-benefits-taste-latte/,True,Spitalfields & Banglatown (Tower Hamlets),nearest ward centre in its borough,0.29,hojicha lattes
Hojicha,Katsute 100 (Broadway Market),"Broadway Market, London E8",Hackney,https://living360.uk/hojicha-what-benefits-taste-latte/,True,London Fields (Hackney),nearest ward centre in its borough,0.47,hojicha lattes
Hojicha,Jenki (Borough Market),"Borough Market, London SE1",Southwark,https://living360.uk/hojicha-what-benefits-taste-latte/,True,Borough & Bankside (Southwark),nearest ward centre in its borough,0.6,hojicha latte and seasonal hojicha special
Hojicha,Toconoco,"28 Hertford Rd, London N1 5QT",Hackney,https://www.etfoodvoyage.com/best-matcha-latte-in-london/,True,De Beauvoir (Hackney),nearest ward centre in its borough,0.34,serves hojicha latte
Hojicha,JUJUHOME Cha,"Hackney Wick, London E9",,https://londontheinside.com/hojicha-is-the-new-hyped-tea-in-town/,True,Hackney Wick (Hackney),nearest ward centre (borough not matched),0.5,hojicha latte and cloud hojicha
Sparkling cold brew coffee tonics,The Barn (Fitzrovia),"36 Charlotte St, London W1T 2NJ",Camden,https://www.doubleskinnymacchiato.com/2025/08/the-barn-specialty-coffee-shop-fitzrovia-london.html,True,Bloomsbury (Camden),nearest ward centre in its borough,0.32,espresso tonic on the seasonal menu
