ward_code,ward_name,borough,longitude,latitude
E05000026,Abbey,Barking and Dagenham,0.081277,51.539829
E05000027,Alibon,Barking and Dagenham,0.150987,51.545921
E05000028,Becontree,Barking and Dagenham,0.116912,51.552601
E05000029,Chadwell Heath,Barking and Dagenham,0.138596,51.58342
E05000030,Eastbrook,Barking and Dagenham,0.173453,51.555191
E05000031,Eastbury,Barking and Dagenham,0.104756,51.535809
E05000032,Gascoigne,Barking and Dagenham,0.085689,51.53257
E05000033,Goresbrook,Barking and Dagenham,0.132641,51.536041
E05000034,Heath,Barking and Dagenham,0.152931,51.558689
E05000035,Longbridge,Barking and Dagenham,0.093644,51.54443
E05000036,Mayesbrook,Barking and Dagenham,0.120332,51.545189
E05000037,Parsloes,Barking and Dagenham,0.135348,51.549831
E05000038,River,Barking and Dagenham,0.152645,51.524502
E05000039,Thames,Barking and Dagenham,0.1198,51.52409
E05000040,Valence,Barking and Dagenham,0.135925,51.56123
E05000041,Village,Barking and Dagenham,0.166611,51.536591
E05000042,Whalebone,Barking and Dagenham,0.141911,51.568272
E05000043,Brunswick Park,Barnet,-0.14588,51.627602
E05000044,Burnt Oak,Barnet,-0.26113,51.602798
E05000045,Childs Hill,Barnet,-0.20291,51.565289
E05000046,Colindale,Barnet,-0.24826,51.592018
E05000047,Coppetts,Barnet,-0.15207,51.610748
E05000048,East Barnet,Barnet,-0.15897,51.646141
E05000049,East Finchley,Barnet,-0.17063,51.594879
E05000050,Edgware,Barnet,-0.2842,51.626431
E05000051,Finchley Church End,Barnet,-0.20118,51.596809
E05000052,Garden Suburb,Barnet,-0.18112,51.580761
E05000053,Golders Green,Barnet,-0.21477,51.570889
E05000054,Hale,Barnet,-0.25477,51.630058
E05000055,Hendon,Barnet,-0.22458,51.591431
E05000056,High Barnet,Barnet,-0.21043,51.655411
E05000057,Mill Hill,Barnet,-0.22331,51.613972
E05000058,Oakleigh,Barnet,-0.17072,51.637192
E05000059,Totteridge,Barnet,-0.20059,51.626591
E05000060,Underhill,Barnet,-0.20939,51.644569
E05000061,West Finchley,Barnet,-0.18879,51.607811
E05000062,West Hendon,Barnet,-0.23505,51.578171
E05000063,Woodhouse,Barnet,-0.17048,51.611301
E05011217,Barnehurst,Bexley,0.169278,51.465591
E05011218,Belvedere,Bexley,0.146319,51.48592
E05011219,Bexleyheath,Bexley,0.14959,51.459641
E05011220,Blackfen & Lamorbey,Bexley,0.094816,51.444569
E05011221,Blendon & Penhill,Bexley,0.116743,51.442619
E05011222,Crayford,Bexley,0.173908,51.45277
E05011223,Crook Log,Bexley,0.129416,51.459518
E05011224,East Wickham,Bexley,0.100805,51.467831
E05011225,Erith,Bexley,0.166226,51.48291
E05011226,Falconwood & Welling,Bexley,0.10135,51.45776
E05011227,Longlands,Bexley,0.088283,51.430401
E05011228,Northumberland Heath,Bexley,0.160141,51.475761
E05011230,Sidcup,Bexley,0.114893,51.423771
E05011231,Slade Green & Northend,Bexley,0.197604,51.46962
E05011229,St Mary's & St James,Bexley,0.143664,51.429352
E05011232,Thamesmead East,Bexley,0.136195,51.50198
E05011233,West Heath,Bexley,0.129682,51.47604
E05000085,Alperton,Brent,-0.29489,51.541168
E05000086,Barnhill,Brent,-0.27995,51.57135
E05000087,Brondesbury Park,Brent,-0.22045,51.542351
E05000088,Dollis Hill,Brent,-0.23676,51.56424
E05000089,Dudden Hill,Brent,-0.24043,51.555229
E05000090,Fryent,Brent,-0.26684,51.581821
E05000091,Harlesden,Brent,-0.24954,51.540741
E05000092,Kensal Green,Brent,-0.23732,51.535149
E05000093,Kenton,Brent,-0.30392,51.580299
E05000094,Kilburn,Brent,-0.19956,51.539268
E05000095,Mapesbury,Brent,-0.22051,51.554371
E05000096,Northwick Park,Brent,-0.31724,51.57206
E05000097,Preston,Brent,-0.296,51.564209
E05000098,Queens Park,Brent,-0.21288,51.535278
E05000099,Queensbury,Brent,-0.27366,51.592579
E05000100,Stonebridge,Brent,-0.26989,51.539082
E05000101,Sudbury,Brent,-0.31562,51.555119
E05000102,Tokyngton,Brent,-0.27985,51.552959
E05000103,Welsh Harp,Brent,-0.25734,51.56588
E05000104,Wembley Central,Brent,-0.29656,51.550072
E05000105,Willesden Green,Brent,-0.23887,51.54464
E05000106,Bickley,Bromley,0.046418,51.40239
E05000107,Biggin Hill,Bromley,0.023113,51.31369
E05000108,Bromley Common and Keston,Bromley,0.041692,51.369839
E05000109,Bromley Town,Bromley,0.015337,51.405079
E05000110,Chelsfield and Pratts Bottom,Bromley,0.112379,51.344551
E05000111,Chislehurst,Bromley,0.075659,51.413441
E05000112,Clock House,Bromley,-0.04369,51.406631
E05000113,Copers Cope,Bromley,-0.01968,51.41243
E05000114,Cray Valley East,Bromley,0.126714,51.39426
E05000115,Cray Valley West,Bromley,0.10305,51.400162
E05000116,Crystal Palace,Bromley,-0.06892,51.415611
E05000117,Darwin,Bromley,0.047142,51.322208
E05000118,Farnborough and Crofton,Bromley,0.067413,51.364491
E05000119,Hayes and Coney Hall,Bromley,0.007927,51.372082
E05000120,Kelsey and Eden Park,Bromley,-0.03157,51.39138
E05000121,Mottingham and Chislehurst North,Bromley,0.041613,51.432011
E05000122,Orpington,Bromley,0.108949,51.371811
E05000123,Penge and Cator,Bromley,-0.04873,51.41576
E05000124,Petts Wood and Knoll,Bromley,0.076522,51.388039
E05000125,Plaistow and Sundridge,Bromley,0.024231,51.41761
E05000126,Shortlands,Bromley,-0.00318,51.39687
E05000127,West Wickham,Bromley,-0.01146,51.376801
E05000128,Belsize,Camden,-0.16643,51.54673
E05000129,Bloomsbury,Camden,-0.13256,51.5219
E05000130,Camden Town with Primrose Hill,Camden,-0.14934,51.540852
E05000131,Cantelowes,Camden,-0.13389,51.544868
E05000132,Fortune Green,Camden,-0.20014,51.55307
E05000133,Frognal and Fitzjohns,Camden,-0.1838,51.55616
E05000134,Gospel Oak,Camden,-0.15507,51.552441
E05000135,Hampstead Town,Camden,-0.17442,51.560299
E05000136,Haverstock,Camden,-0.1527,51.546791
E05000137,Highgate,Camden,-0.15341,51.563042
E05000138,Holborn and Covent Garden,Camden,-0.11466,51.518978
E05000139,Kentish Town,Camden,-0.13929,51.551701
E05000140,Kilburn,Camden,-0.18741,51.540352
E05000141,King's Cross,Camden,-0.12235,51.526981
E05000142,Regent's Park,Camden,-0.14184,51.530571
E05000143,St Pancras and Somers Town,Camden,-0.13118,51.534859
E05000144,Swiss Cottage,Camden,-0.17075,51.541569
E05000145,West Hampstead,Camden,-0.1892,51.548279
E05009288,Aldersgate,City of London,-0.09645,51.518951
E05009290,Bassishaw,City of London,-0.09266,51.516861
E05009292,Bishopsgate,City of London,-0.0815,51.518181
E05009302,Cripplegate,City of London,-0.09402,51.51965
E05009305,Farringdon Without,City of London,-0.11054,51.515541
E05009310,Tower,City of London,-0.07646,51.510921
E05011462,Addiscombe East,Croydon,-0.06972,51.379768
E05011463,Addiscombe West,Croydon,-0.08196,51.38063
E05011464,Bensham Manor,Croydon,-0.10593,51.396118
E05011465,Broad Green,Croydon,-0.11374,51.382969
E05011466,Coulsdon Town,Croydon,-0.14542,51.312279
E05011467,Crystal Palace & Upper Norwood,Croydon,-0.08835,51.41386
E05011468,Fairfield,Croydon,-0.09968,51.37397
E05011469,Kenley,Croydon,-0.10191,51.316952
E05011470,New Addington North,Croydon,-0.0174,51.354038
E05011471,New Addington South,Croydon,-0.01251,51.341648
E05011472,Norbury & Pollards Hill,Croydon,-0.12102,51.40567
E05011473,Norbury Park,Croydon,-0.11048,51.414532
E05011474,Old Coulsdon,Croydon,-0.11879,51.303799
E05011475,Park Hill & Whitgift,Croydon,-0.07993,51.36937
E05011476,Purley & Woodcote,Croydon,-0.12554,51.33424
E05011477,Purley Oaks & Riddlesdown,Croydon,-0.10629,51.338669
E05011478,Sanderstead,Croydon,-0.07774,51.333881
E05011479,Selhurst,Croydon,-0.09557,51.388111
E05011480,Selsdon & Addington Village,Croydon,-0.05441,51.353088
E05011481,Selsdon Vale & Forestdale,Croydon,-0.05086,51.337978
E05011482,Shirley North,Croydon,-0.05044,51.38298
E05011483,Shirley South,Croydon,-0.0447,51.36903
E05011484,South Croydon,Croydon,-0.08488,51.357101
E05011485,South Norwood,Croydon,-0.07808,51.398781
E05011486,Thornton Heath,Croydon,-0.09478,51.40266
E05011487,Waddon,Croydon,-0.11293,51.362659
E05011488,West Thornton,Croydon,-0.11887,51.393719
E05011489,Woodside,Croydon,-0.06662,51.39307
E05000170,Acton Central,Ealing,-0.27202,51.515541
E05000171,Cleveland,Ealing,-0.32174,51.52623
E05000172,Dormers Wells,Ealing,-0.36211,51.5173
E05000173,Ealing Broadway,Ealing,-0.31102,51.516899
E05000174,Ealing Common,Ealing,-0.29354,51.508949
E05000175,East Acton,Ealing,-0.26425,51.52507
E05000176,Elthorne,Ealing,-0.33253,51.50415
E05000177,Greenford Broadway,Ealing,-0.3663,51.53146
E05000178,Greenford Green,Ealing,-0.34757,51.543129
E05000179,Hanger Hill,Ealing,-0.29417,51.525581
E05000180,Hobbayne,Ealing,-0.34049,51.519798
E05000181,Lady Margaret,Ealing,-0.36967,51.522308
E05000183,North Greenford,Ealing,-0.3273,51.55051
E05000182,Northfield,Ealing,-0.31663,51.498631
E05000184,Northolt Mandeville,Ealing,-0.37528,51.548721
E05000185,Northolt West End,Ealing,-0.39651,51.53883
E05000186,Norwood Green,Ealing,-0.36217,51.500801
E05000187,Perivale,Ealing,-0.3219,51.535931
E05000188,South Acton,Ealing,-0.27622,51.50555
E05000189,Southall Broadway,Ealing,-0.37919,51.51001
E05000190,Southall Green,Ealing,-0.39126,51.500408
E05000191,Southfield,Ealing,-0.26259,51.50045
E05000192,Walpole,Ealing,-0.31618,51.506191
E05000193,Bowes,Enfield,-0.10245,51.612282
E05000194,Bush Hill Park,Enfield,-0.08042,51.635288
E05000195,Chase,Enfield,-0.10066,51.676262
E05000196,Cockfosters,Enfield,-0.15081,51.661221
E05000197,Edmonton Green,Enfield,-0.05074,51.619179
E05000198,Enfield Highway,Enfield,-0.02969,51.65826
E05000199,Enfield Lock,Enfield,-0.02544,51.672199
E05000200,Grange,Enfield,-0.09137,51.644409
E05000201,Haselbury,Enfield,-0.07372,51.623219
E05000202,Highlands,Enfield,-0.10887,51.6591
E05000203,Jubilee,Enfield,-0.04188,51.635361
E05000204,Lower Edmonton,Enfield,-0.04434,51.626499
E05000205,Palmers Green,Enfield,-0.09707,51.619438
E05000206,Ponders End,Enfield,-0.03312,51.644409
E05000207,Southbury,Enfield,-0.06277,51.65168
E05000208,Southgate,Enfield,-0.12402,51.633839
E05000209,Southgate Green,Enfield,-0.12534,51.619499
E05000210,Town,Enfield,-0.07864,51.660099
E05000211,Turkey Street,Enfield,-0.04508,51.67308
E05000212,Upper Edmonton,Enfield,-0.06337,51.610981
E05000213,Winchmore Hill,Enfield,-0.10437,51.629311
E05000214,Abbey Wood,Greenwich,0.113238,51.487911
E05000215,Blackheath Westcombe,Greenwich,0.015356,51.478722
E05000216,Charlton,Greenwich,0.035792,51.482288
E05000217,Coldharbour and New Eltham,Greenwich,0.062059,51.432701
E05000218,Eltham North,Greenwich,0.063184,51.459251
E05000219,Eltham South,Greenwich,0.067105,51.446941
E05000220,Eltham West,Greenwich,0.035362,51.45969
E05000221,Glyndon,Greenwich,0.08219,51.489681
E05000222,Greenwich West,Greenwich,-0.00571,51.476269
E05000223,Kidbrooke with Hornfair,Greenwich,0.041,51.47086
E05000224,Middle Park and Sutcliffe,Greenwich,0.029343,51.4473
E05000225,Peninsula,Greenwich,0.015737,51.492908
E05000226,Plumstead,Greenwich,0.100247,51.484821
E05000227,Shooters Hill,Greenwich,0.074802,51.471321
E05000228,Thamesmead Moorings,Greenwich,0.102056,51.500648
E05000229,Woolwich Common,Greenwich,0.065532,51.48032
E05000230,Woolwich Riverside,Greenwich,0.048222,51.490311
E05009367,Brownswood,Hackney,-0.09799,51.564629
E05009368,Cazenove,Hackney,-0.06552,51.566818
E05009369,Clissold,Hackney,-0.08568,51.559021
E05009370,Dalston,Hackney,-0.07061,51.547401
E05009371,De Beauvoir,Hackney,-0.08113,51.541759
E05009372,Hackney Central,Hackney,-0.06047,51.548161
E05009373,Hackney Downs,Hackney,-0.06228,51.557449
E05009374,Hackney Wick,Hackney,-0.02956,51.546761
E05009375,Haggerston,Hackney,-0.06973,51.533691
E05009376,Homerton,Hackney,-0.04817,51.547241
E05009377,Hoxton East & Shoreditch,Hackney,-0.08272,51.528568
E05009378,Hoxton West,Hackney,-0.08995,51.531891
E05009379,King's Park,Hackney,-0.03178,51.555061
E05009380,Lea Bridge,Hackney,-0.05038,51.559311
E05009381,London Fields,Hackney,-0.06666,51.539188
E05009382,Shacklewell,Hackney,-0.07178,51.552502
E05009383,Springfield,Hackney,-0.06435,51.573891
E05009384,Stamford Hill West,Hackney,-0.08026,51.569279
E05009385,Stoke Newington,Hackney,-0.07641,51.560799
E05009386,Victoria,Hackney,-0.04848,51.53875
E05009387,Woodberry Down,Hackney,-0.09116,51.569839
E05000250,Addison,Hammersmith and Fulham,-0.2201,51.500599
E05000251,Askew,Hammersmith and Fulham,-0.24337,51.503201
E05000252,Avonmore and Brook Green,Hammersmith and Fulham,-0.21453,51.494949
E05000253,College Park and Old Oak,Hammersmith and Fulham,-0.23624,51.523312
E05000254,Fulham Broadway,Hammersmith and Fulham,-0.19992,51.483318
E05000255,Fulham Reach,Hammersmith and Fulham,-0.21875,51.486118
E05000256,Hammersmith Broadway,Hammersmith and Fulham,-0.22615,51.493221
E05000257,Munster,Hammersmith and Fulham,-0.21099,51.477531
E05000258,North End,Hammersmith and Fulham,-0.20528,51.48772
E05000259,Palace Riverside,Hammersmith and Fulham,-0.21751,51.473881
E05000260,Parsons Green and Walham,Hammersmith and Fulham,-0.19693,51.473888
E05000261,Ravenscourt Park,Hammersmith and Fulham,-0.24183,51.495602
E05000262,Sands End,Hammersmith and Fulham,-0.19015,51.46999
E05000263,Shepherd's Bush Green,Hammersmith and Fulham,-0.22563,51.506512
E05000264,Town,Hammersmith and Fulham,-0.20347,51.475769
E05000265,Wormholt and White City,Hammersmith and Fulham,-0.23845,51.510689
E05000266,Alexandra,Haringey,-0.13137,51.597439
E05000267,Bounds Green,Haringey,-0.12069,51.604252
E05000268,Bruce Grove,Haringey,-0.07691,51.593929
E05000269,Crouch End,Haringey,-0.13009,51.57832
E05000270,Fortis Green,Haringey,-0.15275,51.591591
E05000271,Harringay,Haringey,-0.1044,51.577438
E05000272,Highgate,Haringey,-0.15209,51.578629
E05000273,Hornsey,Haringey,-0.11868,51.586681
E05000274,Muswell Hill,Haringey,-0.13652,51.586601
E05000275,Noel Park,Haringey,-0.10741,51.593922
E05000276,Northumberland Park,Haringey,-0.05906,51.60297
E05000278,Seven Sisters,Haringey,-0.0739,51.578892
E05000277,St Ann's,Haringey,-0.08994,51.582031
E05000279,Stroud Green,Haringey,-0.11218,51.57579
E05000280,Tottenham Green,Haringey,-0.07235,51.584801
E05000281,Tottenham Hale,Haringey,-0.05949,51.590801
E05000282,West Green,Haringey,-0.09118,51.59206
E05000283,White Hart Lane,Haringey,-0.08445,51.603458
E05000284,Woodside,Haringey,-0.10239,51.602348
E05000285,Belmont,Harrow,-0.31225,51.604671
E05000286,Canons,Harrow,-0.30592,51.624531
E05000287,Edgware,Harrow,-0.27949,51.603001
E05000288,Greenhill,Harrow,-0.33023,51.582642
E05000290,Harrow Weald,Harrow,-0.34719,51.61446
E05000289,Harrow on the Hill,Harrow,-0.34052,51.56572
E05000291,Hatch End,Harrow,-0.37062,51.610271
E05000292,Headstone North,Harrow,-0.36103,51.597549
E05000293,Headstone South,Harrow,-0.35248,51.58765
E05000294,Kenton East,Harrow,-0.29259,51.590248
E05000295,Kenton West,Harrow,-0.31649,51.591228
E05000296,Marlborough,Harrow,-0.33459,51.592838
E05000297,Pinner,Harrow,-0.39074,51.603081
E05000298,Pinner South,Harrow,-0.38565,51.583561
E05000299,Queensbury,Harrow,-0.29627,51.59911
E05000300,Rayners Lane,Harrow,-0.37537,51.576569
E05000301,Roxbourne,Harrow,-0.36473,51.566101
E05000302,Roxeth,Harrow,-0.36316,51.559109
E05000303,Stanmore Park,Harrow,-0.32419,51.616261
E05000304,Wealdstone,Harrow,-0.33809,51.599091
E05000305,West Harrow,Harrow,-0.35598,51.576939
E05000306,Brooklands,Havering,0.167131,51.573349
E05000307,Cranham,Havering,0.267559,51.57444
E05000308,Elm Park,Havering,0.195851,51.5434
E05000309,Emerson Park,Havering,0.234874,51.57542
E05000310,Gooshays,Havering,0.229541,51.61655
E05000311,Hacton,Havering,0.218793,51.550751
E05000312,Harold Wood,Havering,0.243717,51.59351
E05000313,Havering Park,Havering,0.176841,51.611919
E05000314,Heaton,Havering,0.207707,51.60331
E05000315,Hylands,Havering,0.197452,51.563461
E05000316,Mawneys,Havering,0.161313,51.590939
E05000317,Pettits,Havering,0.188949,51.5928
E05000318,Rainham and Wennington,Havering,0.210135,51.51075
E05000319,Romford Town,Havering,0.187538,51.576981
E05000321,South Hornchurch,Havering,0.178869,51.522411
E05000322,Squirrel's Heath,Havering,0.215792,51.583099
E05000320,St Andrew's,Havering,0.224499,51.55978
E05000323,Upminster,Havering,0.27621,51.541908
E05000324,Barnhill,Hillingdon,-0.40858,51.52599
E05000325,Botwell,Hillingdon,-0.42992,51.514011
E05000326,Brunel,Hillingdon,-0.45893,51.527821
E05000327,Cavendish,Hillingdon,-0.39714,51.568771
E05000328,Charville,Hillingdon,-0.42628,51.5327
E05000329,Eastcote and East Ruislip,Hillingdon,-0.41215,51.58416
E05000330,Harefield,Hillingdon,-0.47087,51.5966
E05000331,Heathrow Villages,Hillingdon,-0.45969,51.477989
E05000332,Hillingdon East,Hillingdon,-0.43978,51.54018
E05000333,Ickenham,Hillingdon,-0.46174,51.564209
E05000334,Manor,Hillingdon,-0.41532,51.569832
E05000335,Northwood,Hillingdon,-0.4372,51.605289
E05000336,Northwood Hills,Hillingdon,-0.41053,51.600849
E05000337,Pinkwell,Hillingdon,-0.43487,51.499271
E05000338,South Ruislip,Hillingdon,-0.40538,51.555569
E05000339,Townfield,Hillingdon,-0.40909,51.509331
E05000340,Uxbridge North,Hillingdon,-0.46678,51.546761
E05000341,Uxbridge South,Hillingdon,-0.48424,51.53471
E05000342,West Drayton,Hillingdon,-0.47647,51.502121
E05000343,West Ruislip,Hillingdon,-0.43622,51.576382
E05000344,Yeading,Hillingdon,-0.38851,51.52248
E05000345,Yiewsley,Hillingdon,-0.46279,51.517078
E05000346,Bedfont,Hounslow,-0.44177,51.452358
E05000347,Brentford,Hounslow,-0.29747,51.492962
E05000348,Chiswick Homefields,Hounslow,-0.25698,51.477409
E05000349,Chiswick Riverside,Hounslow,-0.27168,51.481941
E05000350,Cranford,Hounslow,-0.40472,51.47374
E05000351,Feltham North,Hounslow,-0.40869,51.45792
E05000352,Feltham West,Hounslow,-0.43057,51.44009
E05000353,Hanworth,Hounslow,-0.39301,51.428082
E05000354,Hanworth Park,Hounslow,-0.40396,51.439911
E05000355,Heston Central,Hounslow,-0.38236,51.477551
E05000356,Heston East,Hounslow,-0.37079,51.484489
E05000357,Heston West,Hounslow,-0.39633,51.486309
E05000358,Hounslow Central,Hounslow,-0.35683,51.469799
E05000359,Hounslow Heath,Hounslow,-0.38467,51.45866
E05000360,Hounslow South,Hounslow,-0.34805,51.465389
E05000361,Hounslow West,Hounslow,-0.3808,51.467911
E05000362,Isleworth,Hounslow,-0.33015,51.464321
E05000363,Osterley and Spring Grove,Hounslow,-0.34213,51.485592
E05000364,Syon,Hounslow,-0.31518,51.480282
E05000365,Turnham Green,Hounslow,-0.27744,51.49506
E05000366,Barnsbury,Islington,-0.11149,51.537991
E05000367,Bunhill,Islington,-0.09456,51.525372
E05000368,Caledonian,Islington,-0.11884,51.538921
E05000369,Canonbury,Islington,-0.09149,51.542351
E05000370,Clerkenwell,Islington,-0.11003,51.52747
E05000371,Finsbury Park,Islington,-0.11425,51.561459
E05000372,Highbury East,Islington,-0.10003,51.549431
E05000373,Highbury West,Islington,-0.10744,51.556309
E05000374,Hillrise,Islington,-0.13079,51.570518
E05000375,Holloway,Islington,-0.11933,51.552219
E05000376,Junction,Islington,-0.13427,51.56181
E05000377,Mildmay,Islington,-0.08647,51.550301
E05000378,St George's,Islington,-0.12974,51.555569
E05000379,St Mary's,Islington,-0.10457,51.540668
E05000380,St Peter's,Islington,-0.09756,51.535389
E05000381,Tollington,Islington,-0.1198,51.567219
E05009388,Abingdon,Kensington and Chelsea,-0.19724,51.496429
E05009389,Brompton & Hans Town,Kensington and Chelsea,-0.16757,51.496609
E05009390,Campden,Kensington and Chelsea,-0.19376,51.504639
E05009391,Chelsea Riverside,Kensington and Chelsea,-0.17626,51.48214
E05009392,Colville,Kensington and Chelsea,-0.20449,51.51582
E05009393,Courtfield,Kensington and Chelsea,-0.17808,51.491261
E05009394,Dalgarno,Kensington and Chelsea,-0.22085,51.52433
E05009395,Earl's Court,Kensington and Chelsea,-0.19546,51.491032
E05009396,Golborne,Kensington and Chelsea,-0.2081,51.522259
E05009397,Holland,Kensington and Chelsea,-0.20777,51.50132
E05009398,Norland,Kensington and Chelsea,-0.21048,51.508091
E05009399,Notting Dale,Kensington and Chelsea,-0.21584,51.512611
E05009400,Pembridge,Kensington and Chelsea,-0.19823,51.511452
E05009401,Queen's Gate,Kensington and Chelsea,-0.18605,51.498428
E05009402,Redcliffe,Kensington and Chelsea,-0.18758,51.486198
E05009403,Royal Hospital,Kensington and Chelsea,-0.15991,51.489281
E05009404,St. Helen's,Kensington and Chelsea,-0.21828,51.518871
E05009405,Stanley,Kensington and Chelsea,-0.17596,51.486351
E05000400,Alexandra,Kingston upon Thames,-0.27618,51.386089
E05000401,Berrylands,Kingston upon Thames,-0.29184,51.392208
E05000402,Beverley,Kingston upon Thames,-0.2508,51.403931
E05000403,Canbury,Kingston upon Thames,-0.29589,51.417671
E05000404,Chessington North and Hook,Kingston upon Thames,-0.30792,51.369511
E05000405,Chessington South,Kingston upon Thames,-0.30802,51.348518
E05000406,Coombe Hill,Kingston upon Thames,-0.26651,51.423729
E05000407,Coombe Vale,Kingston upon Thames,-0.26913,51.409561
E05000408,Grove,Kingston upon Thames,-0.30102,51.4044
E05000409,Norbiton,Kingston upon Thames,-0.28462,51.406979
E05000410,Old Malden,Kingston upon Thames,-0.25479,51.38554
E05000411,St James,Kingston upon Thames,-0.25674,51.392609
E05000412,St Mark's,Kingston upon Thames,-0.30751,51.394711
E05000413,Surbiton Hill,Kingston upon Thames,-0.30021,51.385841
E05000414,Tolworth and Hook Rise,Kingston upon Thames,-0.29148,51.37429
E05000415,Tudor,Kingston upon Thames,-0.30052,51.423931
E05000416,Bishop's,Lambeth,-0.11353,51.500832
E05000417,Brixton Hill,Lambeth,-0.12343,51.45229
E05000418,Clapham Common,Lambeth,-0.13864,51.455811
E05000419,Clapham Town,Lambeth,-0.14174,51.465721
E05000420,Coldharbour,Lambeth,-0.10866,51.464561
E05000421,Ferndale,Lambeth,-0.11748,51.464931
E05000422,Gipsy Hill,Lambeth,-0.09089,51.428841
E05000423,Herne Hill,Lambeth,-0.10207,51.45916
E05000424,Knight's Hill,Lambeth,-0.10742,51.429089
E05000425,Larkhall,Lambeth,-0.12879,51.46946
E05000426,Oval,Lambeth,-0.11653,51.482761
E05000427,Prince's,Lambeth,-0.11365,51.490051
E05000428,St Leonard's,Lambeth,-0.13217,51.42934
E05000429,Stockwell,Lambeth,-0.12512,51.473679
E05000430,Streatham Hill,Lambeth,-0.12468,51.441471
E05000431,Streatham South,Lambeth,-0.1317,51.417419
E05000432,Streatham Wells,Lambeth,-0.1212,51.429871
E05000433,Thornton,Lambeth,-0.13644,51.44838
E05000434,Thurlow Park,Lambeth,-0.10089,51.442139
E05000435,Tulse Hill,Lambeth,-0.11499,51.450062
E05000436,Vassall,Lambeth,-0.10963,51.475681
E05000437,Bellingham,Lewisham,-0.02417,51.43071
E05000438,Blackheath,Lewisham,-0.00095,51.465462
E05000439,Brockley,Lewisham,-0.0288,51.469212
E05000440,Catford South,Lewisham,-0.00712,51.439011
E05000441,Crofton Park,Lewisham,-0.03846,51.45079
E05000442,Downham,Lewisham,-0.00208,51.423691
E05000443,Evelyn,Lewisham,-0.03508,51.48587
E05000444,Forest Hill,Lewisham,-0.05931,51.44014
E05000445,Grove Park,Lewisham,0.022289,51.434872
E05000446,Ladywell,Lewisham,-0.02712,51.459099
E05000447,Lee Green,Lewisham,0.006682,51.45203
E05000448,Lewisham Central,Lewisham,-0.00805,51.453011
E05000449,New Cross,Lewisham,-0.04447,51.48114
E05000450,Perry Vale,Lewisham,-0.0433,51.43594
E05000451,Rushey Green,Lewisham,-0.0197,51.445629
E05000452,Sydenham,Lewisham,-0.05728,51.428169
E05000453,Telegraph Hill,Lewisham,-0.04518,51.468632
E05000454,Whitefoot,Lewisham,0.006106,51.4356
E05000455,Abbey,Merton,-0.19154,51.413528
E05000456,Cannon Hill,Merton,-0.21449,51.401562
E05000457,Colliers Wood,Merton,-0.17155,51.418018
E05000458,Cricket Green,Merton,-0.1607,51.395741
E05000459,Dundonald,Merton,-0.21093,51.413921
E05000460,Figge's Marsh,Merton,-0.1574,51.408939
E05000461,Graveney,Merton,-0.15134,51.415451
E05000462,Hillside,Merton,-0.21545,51.420078
E05000463,Lavender Fields,Merton,-0.17293,51.41069
E05000464,Longthornton,Merton,-0.14131,51.408661
E05000465,Lower Morden,Merton,-0.22197,51.388371
E05000466,Merton Park,Merton,-0.20102,51.406181
E05000467,Pollards Hill,Merton,-0.14162,51.398071
E05000468,Ravensbury,Merton,-0.18111,51.395649
E05000469,Raynes Park,Merton,-0.23602,51.410728
E05000470,St Helier,Merton,-0.20146,51.393478
E05000471,Trinity,Merton,-0.19332,51.422081
E05000472,Village,Merton,-0.23188,51.425541
E05000473,West Barnes,Merton,-0.23515,51.398201
E05000474,Wimbledon Park,Merton,-0.1969,51.43272
E05000475,Beckton,Newham,0.069037,51.51638
E05000476,Boleyn,Newham,0.040561,51.530991
E05000477,Canning Town North,Newham,0.007337,51.522362
E05000478,Canning Town South,Newham,0.014728,51.511162
E05000479,Custom House,Newham,0.033975,51.512619
E05000480,East Ham Central,Newham,0.051745,51.532829
E05000481,East Ham North,Newham,0.05313,51.54277
E05000482,East Ham South,Newham,0.059691,51.525188
E05000483,Forest Gate North,Newham,0.022852,51.551392
E05000484,Forest Gate South,Newham,0.015943,51.545521
E05000485,Green Street East,Newham,0.03765,51.541691
E05000486,Green Street West,Newham,0.028399,51.540218
E05000487,Little Ilford,Newham,0.055312,51.55312
E05000488,Manor Park,Newham,0.044552,51.54863
E05000489,Plaistow North,Newham,0.023472,51.531219
E05000490,Plaistow South,Newham,0.032618,51.523911
E05000491,Royal Docks,Newham,0.044738,51.502899
E05000492,Stratford and New Town,Newham,-0.00537,51.538551
E05000493,Wall End,Newham,0.063141,51.53677
E05000494,West Ham,Newham,0.011556,51.535
E05011234,Aldborough,Redbridge,0.110278,51.590961
E05011235,Barkingside,Redbridge,0.070388,51.582062
E05011236,Bridge,Redbridge,0.048184,51.607971
E05011237,Chadwell,Redbridge,0.1233,51.574558
E05011238,Churchfields,Redbridge,0.028618,51.60125
E05011239,Clayhall,Redbridge,0.053421,51.583832
E05011240,Clementswood,Redbridge,0.079434,51.554779
E05011241,Cranbrook,Redbridge,0.05657,51.56982
E05011242,Fairlop,Redbridge,0.089109,51.59874
E05011243,Fullwell,Redbridge,0.06116,51.593761
E05011244,Goodmayes,Redbridge,0.110315,51.559669
E05011245,Hainault,Redbridge,0.121436,51.61042
E05011246,Ilford Town,Redbridge,0.080949,51.561409
E05011247,Loxford,Redbridge,0.077029,51.547249
E05011248,Mayfield,Redbridge,0.09724,51.553928
E05011249,Monkhams,Redbridge,0.024736,51.617222
E05011250,Newbury,Redbridge,0.088501,51.572899
E05011251,Seven Kings,Redbridge,0.106683,51.570049
E05011252,South Woodford,Redbridge,0.025647,51.58997
E05011253,Valentines,Redbridge,0.069349,51.568722
E05011254,Wanstead Park,Redbridge,0.03638,51.565578
E05011255,Wanstead Village,Redbridge,0.029914,51.578159
E05000516,Barnes,Richmond upon Thames,-0.23689,51.480412
E05000517,East Sheen,Richmond upon Thames,-0.26201,51.452461
E05000518,Fulwell and Hampton Hill,Richmond upon Thames,-0.35275,51.42831
E05000519,"Ham, Petersham and Richmond Riverside",Richmond upon Thames,-0.29853,51.438911
E05000520,Hampton,Richmond upon Thames,-0.3332,51.407101
E05000521,Hampton North,Richmond upon Thames,-0.37574,51.428322
E05000522,Hampton Wick,Richmond upon Thames,-0.31774,51.42189
E05000523,Heathfield,Richmond upon Thames,-0.37032,51.449589
E05000524,Kew,Richmond upon Thames,-0.28968,51.4771
E05000525,Mortlake and Barnes Common,Richmond upon Thames,-0.25413,51.46941
E05000526,North Richmond,Richmond upon Thames,-0.2954,51.46735
E05000528,South Richmond,Richmond upon Thames,-0.28988,51.456741
E05000529,South Twickenham,Richmond upon Thames,-0.33938,51.440788
E05000527,St Margarets and North Twickenham,Richmond upon Thames,-0.32531,51.456501
E05000530,Teddington,Richmond upon Thames,-0.33492,51.422211
E05000531,Twickenham Riverside,Richmond upon Thames,-0.31709,51.450562
E05000532,West Twickenham,Richmond upon Thames,-0.35906,51.439831
E05000533,Whitton,Richmond upon Thames,-0.35613,51.453251
E05011095,Borough & Bankside,Southwark,-0.09868,51.503078
E05011096,Camberwell Green,Southwark,-0.09474,51.476341
E05011097,Champion Hill,Southwark,-0.08312,51.463821
E05011098,Chaucer,Southwark,-0.09067,51.498501
E05011099,Dulwich Hill,Southwark,-0.06643,51.452271
E05011100,Dulwich Village,Southwark,-0.08839,51.45097
E05011101,Dulwich Wood,Southwark,-0.07846,51.431629
E05011102,Faraday,Southwark,-0.08619,51.485531
E05011103,Goose Green,Southwark,-0.07587,51.456841
E05011104,London Bridge & West Bermondsey,Southwark,-0.081,51.49929
E05011105,Newington,Southwark,-0.10202,51.485531
E05011106,North Bermondsey,Southwark,-0.06516,51.497269
E05011107,North Walworth,Southwark,-0.09083,51.49025
E05011108,Nunhead & Queen's Road,Southwark,-0.05591,51.470058
E05011109,Old Kent Road,Southwark,-0.06349,51.483421
E05011110,Peckham,Southwark,-0.07257,51.4771
E05011111,Peckham Rye,Southwark,-0.05427,51.455421
E05011112,Rotherhithe,Southwark,-0.04904,51.497231
E05011113,Rye Lane,Southwark,-0.06897,51.468151
E05011116,South Bermondsey,Southwark,-0.06975,51.49263
E05011114,St George's,Southwark,-0.1051,51.497292
E05011115,St Giles,Southwark,-0.08314,51.47504
E05011117,Surrey Docks,Southwark,-0.04048,51.49707
E05000555,Beddington North,Sutton,-0.13718,51.376099
E05000556,Beddington South,Sutton,-0.13284,51.35313
E05000557,Belmont,Sutton,-0.19326,51.347771
E05000558,Carshalton Central,Sutton,-0.16921,51.364449
E05000559,Carshalton South and Clockhouse,Sutton,-0.16397,51.344589
E05000560,Cheam,Sutton,-0.21549,51.350189
E05000561,Nonsuch,Sutton,-0.23857,51.37167
E05000562,St Helier,Sutton,-0.17941,51.381809
E05000563,Stonecot,Sutton,-0.20946,51.37978
E05000564,Sutton Central,Sutton,-0.19151,51.36483
E05000565,Sutton North,Sutton,-0.19311,51.375561
E05000566,Sutton South,Sutton,-0.18842,51.355999
E05000567,Sutton West,Sutton,-0.20196,51.359531
E05000568,The Wrythe,Sutton,-0.1705,51.375179
E05000569,Wallington North,Sutton,-0.15038,51.366909
E05000570,Wallington South,Sutton,-0.14882,51.353901
E05000571,Wandle Valley,Sutton,-0.16308,51.383381
E05000572,Worcester Park,Sutton,-0.23142,51.380322
E05009317,Bethnal Green East,Tower Hamlets,-0.04653,51.527248
E05009331,Bethnal Green West,Tower Hamlets,-0.05785,51.528042
E05009318,Blackwall & Cubitt Town,Tower Hamlets,-0.01167,51.502571
E05009319,Bow East,Tower Hamlets,-0.02707,51.536228
E05009320,Bow West,Tower Hamlets,-0.03691,51.531078
E05009321,Bromley North,Tower Hamlets,-0.01758,51.526482
E05009322,Bromley South,Tower Hamlets,-0.01901,51.521011
E05009323,Canary Wharf,Tower Hamlets,-0.02056,51.500992
E05009324,Island Gardens,Tower Hamlets,-0.01424,51.489891
E05009325,Lansbury,Tower Hamlets,-0.01034,51.516521
E05009326,Limehouse,Tower Hamlets,-0.03379,51.509949
E05009327,Mile End,Tower Hamlets,-0.0285,51.51812
E05009328,Poplar,Tower Hamlets,-0.00647,51.510979
E05009332,Shadwell,Tower Hamlets,-0.05025,51.511909
E05009333,Spitalfields & Banglatown,Tower Hamlets,-0.0699,51.519089
E05009329,St Dunstan's,Tower Hamlets,-0.04184,51.519421
E05009330,St Katharine's & Wapping,Tower Hamlets,-0.06395,51.506908
E05009334,Stepney Green,Tower Hamlets,-0.04889,51.517052
E05009335,Weavers,Tower Hamlets,-0.07052,51.526951
E05009336,Whitechapel,Tower Hamlets,-0.06483,51.51363
E05000590,Cann Hall,Waltham Forest,0.013546,51.559189
E05000591,Cathall,Waltham Forest,-0.00075,51.555851
E05000592,Chapel End,Waltham Forest,-0.01411,51.597591
E05000593,Chingford Green,Waltham Forest,0.005001,51.636478
E05000594,Endlebury,Waltham Forest,-0.00896,51.627022
E05000595,Forest,Waltham Forest,0.001343,51.576321
E05000596,Grove Green,Waltham Forest,-0.0034,51.563141
E05000597,Hale End and Highams Park,Waltham Forest,0.00423,51.59996
E05000598,Hatch Lane,Waltham Forest,0.010643,51.613411
E05000599,High Street,Waltham Forest,-0.05007,51.578468
E05000600,Higham Hill,Waltham Forest,-0.03506,51.599468
E05000601,Hoe Street,Waltham Forest,-0.01335,51.583469
E05000602,Larkswood,Waltham Forest,-0.0082,51.614868
E05000603,Lea Bridge,Waltham Forest,-0.03483,51.56871
E05000604,Leyton,Waltham Forest,-0.01796,51.56242
E05000605,Leytonstone,Waltham Forest,0.007294,51.569229
E05000606,Markhouse,Waltham Forest,-0.02911,51.57695
E05000607,Valley,Waltham Forest,-0.02578,51.61412
E05000608,William Morris,Waltham Forest,-0.02495,51.590931
E05000609,Wood Street,Waltham Forest,0.002339,51.58717
E05000610,Balham,Wandsworth,-0.15353,51.452129
E05000611,Bedford,Wandsworth,-0.14992,51.434971
E05000612,Earlsfield,Wandsworth,-0.18396,51.437489
E05000613,East Putney,Wandsworth,-0.20933,51.455269
E05000614,Fairfield,Wandsworth,-0.18888,51.457561
E05000615,Furzedown,Wandsworth,-0.14855,51.425591
E05000616,Graveney,Wandsworth,-0.16294,51.42503
E05000617,Latchmere,Wandsworth,-0.17031,51.467949
E05000618,Nightingale,Wandsworth,-0.15894,51.44294
E05000619,Northcote,Wandsworth,-0.1638,51.45631
E05000620,Queenstown,Wandsworth,-0.14895,51.476479
E05000621,Roehampton and Putney Heath,Wandsworth,-0.24017,51.44381
E05000623,Shaftesbury,Wandsworth,-0.15893,51.465961
E05000624,Southfields,Wandsworth,-0.19879,51.44651
E05000622,St Mary's Park,Wandsworth,-0.17473,51.474209
E05000625,Thamesfield,Wandsworth,-0.22351,51.466171
E05000626,Tooting,Wandsworth,-0.17323,51.430538
E05000627,Wandsworth Common,Wandsworth,-0.17671,51.447899
E05000628,West Hill,Wandsworth,-0.21425,51.445251
E05000629,West Putney,Wandsworth,-0.23174,51.458511
E05000630,Abbey Road,Westminster,-0.17995,51.534088
E05000631,Bayswater,Westminster,-0.19291,51.51659
E05000632,Bryanston and Dorset Square,Westminster,-0.16291,51.520309
E05000634,Church Street,Westminster,-0.17046,51.523411
E05000633,Churchill,Westminster,-0.15088,51.489151
E05000635,Harrow Road,Westminster,-0.19929,51.527359
E05000636,Hyde Park,Westminster,-0.17261,51.515751
E05000637,Knightsbridge and Belgravia,Westminster,-0.16827,51.502411
E05000638,Lancaster Gate,Westminster,-0.18484,51.51368
E05000639,Little Venice,Westminster,-0.18262,51.524269
E05000640,Maida Vale,Westminster,-0.18892,51.529968
E05000641,Marylebone High Street,Westminster,-0.14916,51.519539
E05000642,Queen's Park,Westminster,-0.20876,51.52927
E05000643,Regent's Park,Westminster,-0.1634,51.529961
E05000644,St James's,Westminster,-0.13154,51.503601
E05000645,Tachbrook,Westminster,-0.13458,51.48875
E05000646,Vincent Square,Westminster,-0.13168,51.492851
E05000647,Warwick,Westminster,-0.14392,51.492279
E05000649,West End,Westminster,-0.14543,51.511341
E05000648,Westbourne,Westminster,-0.19106,51.521099
